{
    "gamma": 0.9726280205180136,
    "lr": 9.815084417451514e-06,
    "epsilon_decay": 0.9986533647491379,
    "batch_size": 384,
    "tau": 0.09790627055934469
}