{
    "gamma": 0.9263139323797492,
    "lr": 4.9765615998590815e-05,
    "epsilon_decay": 0.9927010114417091,
    "batch_size": 448,
    "tau": 0.0017818722019480129
}